﻿image,label
good (1).JPG,1
good (2).JPG,1
good (3).JPG,1
good (4).JPG,1
good (5).JPG,1
good (6).JPG,1
good (7).JPG,1
good (8).JPG,1
good (9).JPG,1
good (10).JPG,1
good (11).JPG,1
good (12).JPG,1
good (13).JPG,1
good (14).JPG,1
good (15).JPG,1
good (16).JPG,1
good (17).JPG,1
good (18).JPG,1
good (19).JPG,1
good (20).JPG,1
good (21).JPG,1
good (22).JPG,1
good (23).JPG,1
good (24).JPG,1
good (25).JPG,1
good (26).JPG,1
good (27).JPG,1
good (28).JPG,1
good (29).JPG,1
good (30).JPG,1
good (31).JPG,1
good (32).JPG,1
good (33).JPG,1
good (34).JPG,1
good (35).JPG,1
good (36).JPG,1
good (37).JPG,1
good (38).JPG,1
good (39).JPG,1
good (40).JPG,1
good (41).JPG,1
good (42).JPG,1
good (43).JPG,1
good (44).JPG,1
good (45).JPG,1
good (46).JPG,1
good (47).JPG,1
good (48).JPG,1
good (49).JPG,1
good (50).JPG,1
good (51).JPG,1
good (52).JPG,1
good (53).JPG,1
good (54).JPG,1
good (55).JPG,1
good (56).JPG,1
good (57).JPG,1
good (58).JPG,1
good (59).JPG,1
good (60).JPG,1
good (61).JPG,1
good (62).JPG,1
good (63).JPG,1
good (64).JPG,1
good (65).JPG,1
good (66).JPG,1
good (67).JPG,1
good (68).JPG,1
good (69).JPG,1
good (70).JPG,1
good (71).JPG,1
good (72).JPG,1
good (73).JPG,1
good (74).JPG,1
good (75).JPG,1
good (76).JPG,1
good (77).JPG,1
good (78).JPG,1
good (79).JPG,1
good (80).JPG,1
good (81).JPG,1
good (82).JPG,1
good (83).JPG,1
good (84).JPG,1
good (85).JPG,1
good (86).JPG,1
good (87).JPG,1
good (88).JPG,1
good (89).JPG,1
good (90).JPG,1
good (91).JPG,1
good (92).JPG,1
good (93).JPG,1
good (94).JPG,1
good (95).JPG,1
good (96).JPG,1
good (97).JPG,1
good (98).JPG,1
good (99).JPG,1
good (100).JPG,1
good (101).JPG,1
good (102).JPG,1
good (103).JPG,1
good (104).JPG,1
good (105).JPG,1
good (106).JPG,1
good (107).JPG,1
good (108).JPG,1
good (109).JPG,1
good (110).JPG,1
good (111).JPG,1
good (112).JPG,1
good (113).JPG,1
good (114).JPG,1
good (115).JPG,1
good (116).JPG,1
good (117).JPG,1
bad (1).JPG,0
bad (2).JPG,0
bad (3).JPG,0
bad (4).JPG,0
bad (5).JPG,0
bad (6).JPG,0
bad (7).JPG,0
bad (8).JPG,0
bad (9).JPG,0
bad (10).JPG,0
bad (11).JPG,0
bad (12).JPG,0
bad (13).JPG,0
bad (14).JPG,0
bad (15).JPG,0
bad (16).JPG,0
bad (17).JPG,0
bad (18).JPG,0
bad (19).JPG,0
bad (20).JPG,0
bad (21).JPG,0
bad (22).JPG,0
bad (23).JPG,0
bad (24).JPG,0
bad (25).JPG,0
bad (26).JPG,0
bad (27).JPG,0
bad (28).JPG,0
bad (29).JPG,0
bad (30).JPG,0
bad (31).JPG,0
bad (32).JPG,0
bad (33).JPG,0
bad (34).JPG,0
bad (35).JPG,0
bad (36).JPG,0
bad (37).JPG,0
bad (38).JPG,0
bad (39).JPG,0
bad (40).JPG,0
bad (41).JPG,0
bad (42).JPG,0
bad (43).JPG,0
bad (44).JPG,0
bad (45).JPG,0
bad (46).JPG,0
bad (47).JPG,0
bad (48).JPG,0
bad (49).JPG,0
bad (50).JPG,0
bad (51).JPG,0
bad (52).JPG,0
bad (53).JPG,0
bad (54).JPG,0
bad (55).JPG,0
bad (56).JPG,0
bad (57).JPG,0
bad (58).JPG,0
bad (59).JPG,0
bad (60).JPG,0
bad (61).JPG,0
bad (62).JPG,0
bad (63).JPG,0
bad (64).JPG,0
bad (65).JPG,0
bad (66).JPG,0
bad (67).JPG,0
bad (68).JPG,0
bad (69).JPG,0
bad (70).JPG,0
bad (71).JPG,0
bad (72).JPG,0
bad (73).JPG,0
bad (74).JPG,0
bad (75).JPG,0
bad (76).JPG,0
bad (77).JPG,0
bad (78).JPG,0
bad (79).JPG,0
bad (80).JPG,0
bad (81).JPG,0
bad (82).JPG,0
bad (83).JPG,0
bad (84).JPG,0
bad (85).JPG,0
bad (86).JPG,0
bad (87).JPG,0
bad (88).JPG,0
bad (89).JPG,0
bad (90).JPG,0
bad (91).JPG,0
bad (92).JPG,0
bad (93).JPG,0
bad (94).JPG,0
bad (95).JPG,0
bad (96).JPG,0
bad (97).JPG,0
bad (98).JPG,0
bad (99).JPG,0
bad (100).JPG,0
bad (101).JPG,0
bad (102).JPG,0
bad (103).JPG,0
bad (104).JPG,0
bad (105).JPG,0
bad (106).JPG,0
bad (107).JPG,0
bad (108).JPG,0
bad (109).JPG,0
bad (110).JPG,0
bad (111).JPG,0
bad (112).JPG,0
bad (113).JPG,0
bad (114).JPG,0
bad (115).JPG,0
bad (116).JPG,0
bad (117).JPG,0
bad (118).JPG,0
bad (119).JPG,0
bad (120).JPG,0
bad (121).JPG,0
bad (122).JPG,0
bad (123).JPG,0
bad (124).JPG,0
bad (125).JPG,0
bad (126).JPG,0
bad (127).JPG,0
bad (128).JPG,0
bad (129).JPG,0
bad (130).JPG,0
bad (131).JPG,0
bad (132).JPG,0
bad (133).JPG,0
bad (134).JPG,0
bad (135).JPG,0
bad (136).JPG,0
bad (137).JPG,0
bad (138).JPG,0
bad (139).JPG,0
bad (140).JPG,0
bad (141).JPG,0
bad (142).JPG,0
bad (143).JPG,0
bad (144).JPG,0
bad (145).JPG,0
bad (146).JPG,0
bad (147).JPG,0
bad (148).JPG,0
bad (149).JPG,0
bad (150).JPG,0
bad (151).JPG,0
bad (152).JPG,0
bad (153).JPG,0
bad (154).JPG,0
bad (155).JPG,0
bad (156).JPG,0
bad (157).JPG,0
bad (158).JPG,0
bad (159).JPG,0
bad (160).JPG,0
bad (161).JPG,0
bad (162).JPG,0
bad (163).JPG,0
bad (164).JPG,0
bad (165).JPG,0
bad (166).JPG,0
bad (167).JPG,0
bad (168).JPG,0
bad (169).JPG,0
bad (170).JPG,0
bad (171).JPG,0
bad (172).JPG,0
bad (173).JPG,0
bad (174).JPG,0
bad (175).JPG,0
bad (176).JPG,0
bad (177).JPG,0
bad (178).JPG,0
bad (179).JPG,0
bad (180).JPG,0
bad_more (1).JPG,0
bad_more (2).JPG,0
bad_more (3).JPG,0
bad_more (4).JPG,0
bad_more (5).JPG,0
bad_more (6).JPG,0
bad_more (7).JPG,0
bad_more (8).JPG,0
bad_more (9).JPG,0
bad_more (10).JPG,0
bad_more (11).JPG,0
bad_more (12).JPG,0
bad_more (13).JPG,0
bad_more (14).JPG,0
bad_more (15).JPG,0
bad_more (16).JPG,0
bad_more (17).JPG,0
bad_more (18).JPG,0
bad_more (19).JPG,0
bad_more (20).JPG,0
bad_more (21).JPG,0
bad_more (22).JPG,0
bad_more (23).JPG,0
bad_more (24).JPG,0
bad_more (25).JPG,0
bad_more (26).JPG,0
bad_more (27).JPG,0
bad_more (28).JPG,0
bad_more (29).JPG,0
bad_more (30).JPG,0
bad_more (31).JPG,0
bad_more (32).JPG,0
bad_more (33).JPG,0
bad_more (34).JPG,0
bad_more (35).JPG,0
bad_more (36).JPG,0
bad_more (37).JPG,0
bad_more (38).JPG,0
bad_more (39).JPG,0
bad_more (40).JPG,0
bad_more (41).JPG,0
bad_more (42).JPG,0
bad_more (43).JPG,0
bad_more (44).JPG,0
bad_more (45).JPG,0
bad_more (46).JPG,0
bad_more (47).JPG,0
bad_more (48).JPG,0
bad_more (49).JPG,0
bad_more (50).JPG,0
bad_more (51).JPG,0
bad_more (52).JPG,0
bad_more (53).JPG,0
bad_more (54).JPG,0
bad_more (55).JPG,0
bad_more (56).JPG,0
bad_more (57).JPG,0
bad_more (58).JPG,0
bad_more (59).JPG,0
bad_more (60).JPG,0
bad_more (61).JPG,0
bad_more (62).JPG,0
bad_more (63).JPG,0
bad_more (64).JPG,0
bad_more (65).JPG,0
bad_more (66).JPG,0
bad_more (67).JPG,0
bad_more (68).JPG,0
bad_more (69).JPG,0
bad_more (70).JPG,0
bad_more (71).JPG,0
bad_more (72).JPG,0
bad_more (73).JPG,0
bad_more (74).JPG,0
bad_more (75).JPG,0
bad_more (76).JPG,0
bad_more (77).JPG,0
bad_more (78).JPG,0
bad_more (79).JPG,0
bad_more (80).JPG,0
bad_more (81).JPG,0
bad_more (82).JPG,0
bad_more (83).JPG,0
bad_more (84).JPG,0
bad_more (85).JPG,0
bad_more (86).JPG,0
bad_more (87).JPG,0
bad_more (88).JPG,0
bad_more (89).JPG,0
bad_more (90).JPG,0
bad_more (91).JPG,0
bad_more (92).JPG,0
bad_more (93).JPG,0
bad_more (94).JPG,0
bad_more (95).JPG,0
bad_more (96).JPG,0
bad_more (97).JPG,0
bad_more (98).JPG,0
bad_more (99).JPG,0
bad_more (100).JPG,0
bad_more (101).JPG,0
bad_more (102).JPG,0
bad_more (103).JPG,0
bad_more (104).JPG,0
bad_more (105).JPG,0
bad_more (106).JPG,0
bad_more (107).JPG,0
bad_more (108).JPG,0
bad_more (109).JPG,0
bad_more (110).JPG,0
bad_more (111).JPG,0
bad_more (112).JPG,0
bad_more (113).JPG,0
good_more1.JPG,1
good_more2.JPG,1
good_more3.JPG,1
good_more4.JPG,1
good_more5.JPG,1
good_more6.JPG,1
good_more7.JPG,1
good_more8.JPG,1
good_more9.JPG,1
good_more10.JPG,1
good_more11.JPG,1
good_more12.JPG,1
good_more13.JPG,1
good_more14.JPG,1
good_more15.JPG,1
good_more16.JPG,1
good_more17.JPG,1
good_more18.JPG,1
good_more19.JPG,1
good_more20.JPG,1
good_more21.JPG,1
good_more22.JPG,1
good_more23.JPG,1
good_more24.JPG,1
good_more25.JPG,1
good_more26.JPG,1
good_more27.JPG,1
good_more28.JPG,1
good_more29.JPG,1
good_more30.JPG,1
good_more31.JPG,1
good_more32.JPG,1
good_more33.JPG,1
good_more34.JPG,1
good_more35.JPG,1
good_more36.JPG,1
good_more37.JPG,1
good_more38.JPG,1
good_more39.JPG,1
good_more40.JPG,1
good_more41.JPG,1
good_more42.JPG,1
good_more43.JPG,1
good_more44.JPG,1
good_more45.JPG,1
good_more46.JPG,1
good_more47.JPG,1
good_more48.JPG,1
good_more49.JPG,1
good_more50.JPG,1
good_more51.JPG,1
good_more52.JPG,1
good_more53.JPG,1
good_more54.JPG,1
good_more55.JPG,1
good_more56.JPG,1
good_more57.JPG,1
good_more58.JPG,1
good_more59.JPG,1
good_more60.JPG,1
good_more61.JPG,1
good_more62.JPG,1
good_more63.JPG,1
good_more64.JPG,1
good_more65.JPG,1
good_more66.JPG,1
good_more67.JPG,1
good_more68.JPG,1
good_more69.JPG,1
good_more70.JPG,1
good_more71.JPG,1
good_more72.JPG,1
good_more73.JPG,1
good_more74.JPG,1
good_more75.JPG,1
good_more76.JPG,1
good_more77.JPG,1
good_more78.JPG,1
good_more79.JPG,1
good_more80.JPG,1
good_more81.JPG,1
good_more82.JPG,1
good_more83.JPG,1
good_more84.JPG,1
good_more85.JPG,1
good_more86.JPG,1
good_more87.JPG,1
good_more88.JPG,1
good_more89.JPG,1
good_more90.JPG,1
good_more91.JPG,1
good_more92.JPG,1
good_more93.JPG,1
good_more94.JPG,1
good_more95.JPG,1
good_more96.JPG,1
good_more97.JPG,1
good_more98.JPG,1
good_more99.JPG,1
good_more100.JPG,1
good_more101.JPG,1
good_more102.JPG,1
good_more103.JPG,1
good_more104.JPG,1
good_more105.JPG,1
good_more106.JPG,1
good_more107.JPG,1
good_more108.JPG,1
good_more109.JPG,1
good_more110.JPG,1
good_more111.JPG,1
good_more112.JPG,1
good_more113.JPG,1
good_more114.JPG,1
good_more115.JPG,1
good_more116.JPG,1
good_more117.JPG,1
good_more118.JPG,1
good_more119.JPG,1
good_more120.JPG,1
good_more121.JPG,1
good_more122.JPG,1
good_more123.JPG,1
good_more124.JPG,1
good_more125.JPG,1
good_more126.JPG,1
good_more127.JPG,1
good_more128.JPG,1
good_more129.JPG,1
good_more130.JPG,1
good_more131.JPG,1
good_more132.JPG,1
good_more133.JPG,1
good_more134.JPG,1
good_more135.JPG,1
good_more136.JPG,1
good_more137.JPG,1
good_more138.JPG,1
good_more139.JPG,1
good_more140.JPG,1
good_more141.JPG,1
good_more142.JPG,1
good_more143.JPG,1
good_more144.JPG,1
good_more145.JPG,1
good_more146.JPG,1
good_more147.JPG,1
good_more148.JPG,1
good_more149.JPG,1
good_more150.JPG,1
good_more151.JPG,1
good_more152.JPG,1
good_more153.JPG,1
good_more154.JPG,1
good_more155.JPG,1
good_more156.JPG,1
good_more157.JPG,1
good_more158.JPG,1
good_more159.JPG,1
good_more160.JPG,1
good_more161.JPG,1
good_more162.JPG,1
good_more163.JPG,1
good_more164.JPG,1
good_more165.JPG,1
good_more166.JPG,1
good_more167.JPG,1
good_more168.JPG,1
good_more169.JPG,1
good_more170.JPG,1
good_more171.JPG,1
good_more172.JPG,1
good_more173.JPG,1
good_more174.JPG,1
good_more175.JPG,1
good_more176.JPG,1
good_more177.JPG,1
good_more178.JPG,1
good_more179.JPG,1
good_more180.JPG,1
good_more181.JPG,1
good_more182.JPG,1
good_more183.JPG,1
good_more184.JPG,1
good_more185.JPG,1
good_more186.JPG,1
good_more187.JPG,1
good_more188.JPG,1
good_more189.JPG,1
good_more190.JPG,1
good_more191.JPG,1
good_more192.JPG,1
good_more193.JPG,1
good_more194.JPG,1
good_more195.JPG,1
good_more196.JPG,1
good_more197.JPG,1
good_more198.JPG,1
good_more199.JPG,1
good_more200.JPG,1
good_more201.JPG,1
good_more202.JPG,1
good_more203.JPG,1
good_more204.JPG,1
good_more205.JPG,1
good_more206.JPG,1
good_more207.JPG,1
good_more208.JPG,1
good_more209.JPG,1
good_more210.JPG,1
good_more211.JPG,1
good_more212.JPG,1
good_more213.JPG,1
good_more214.JPG,1
good_more215.JPG,1
good_more216.JPG,1
good_more217.JPG,1
good_more218.JPG,1
good_more219.JPG,1
good_more220.JPG,1
good_more221.JPG,1
good_more222.JPG,1
good_more223.JPG,1
good_more224.JPG,1
good_more225.JPG,1
good_more226.JPG,1
good_more227.JPG,1
good_more228.JPG,1
good_more229.JPG,1
good_more230.JPG,1
good_more231.JPG,1
good_more232.JPG,1
good_more233.JPG,1
good_more234.JPG,1
